species	dna_filename	prot_filename	identity_numerator	identity_denominator	identity_proportion	tile_numerator	tile_denominator	tile_proportion	protein_numerator	protein_denominator	protein_proportion
chimpanzee	human_chimpanzee.aln	human_chimpanzee.aln	14942	15162	0.985490040891703	11512	15142	0.760269449214106	206	208	0.990384615384615
cynomolgus	human_cynomolgus_rcomp.aln	human_cynomolgus.aln	14375	14737	0.97543597747167	4980	14717	0.338384181558742	199	208	0.956730769230769
spider monkey	human_spidermonkey_rcomp.aln	human_spidermonkey.aln	13204	14665	0.900375042618479	2482	14645	0.169477637418914	200	208	0.961538461538462
squirrel monkey	human_squirrelmonkey.aln	human_squirrelmonkey.aln	12986	14591	0.890000685353985	2182	14571	0.149749502436346	197	208	0.951923076923077
gray mouse lemur	human_graymouselemur.aln	human_graymouselemur.aln	10664	15132	0.704731694422416	367	15112	0.0242853361566967	193	208	0.932692307692308
